title,pageid,category
ארכאולוגיה של ארץ ישראל,368147,ארכאולוגיה של ארץ ישראל
Mission de Phénicie,2153878,ארכאולוגיה של ארץ ישראל
אבן מגדלא,2176801,ארכאולוגיה של ארץ ישראל
אמות המים של קיסריה,774961,ארכאולוגיה של ארץ ישראל
ארכאולוגיה מקראית,18139,ארכאולוגיה של ארץ ישראל
ארכאומטלורגיה אל-ברזלית בדרום הלבנט,964619,ארכאולוגיה של ארץ ישראל
אתרי המקרא,475661,ארכאולוגיה של ארץ ישראל
בבתא,677100,ארכאולוגיה של ארץ ישראל
גל יתרו,1942979,ארכאולוגיה של ארץ ישראל
יצחקי גל,1614533,ארכאולוגיה של ארץ ישראל
גלוסקמת יעקב אחי ישו,368163,ארכאולוגיה של ארץ ישראל
הגת בארץ ישראל,984132,ארכאולוגיה של ארץ ישראל
הוועד הציבורי למניעת הרס העתיקות בהר הבית,951716,ארכאולוגיה של ארץ ישראל
החברה לחקירת ארץ-ישראל ועתיקותיה,219429,ארכאולוגיה של ארץ ישראל
המועצה הארכיאולוגית,837040,ארכאולוגיה של ארץ ישראל
המחלקה ללימודי ארץ ישראל וארכאולוגיה באוניברסיטת בר-אילן,1543597,ארכאולוגיה של ארץ ישראל
המכון לארכאולוגיה (אוניברסיטת תל אביב),792129,ארכאולוגיה של ארץ ישראל
המכון לארכאולוגיה (הר הצופים),1931041,ארכאולוגיה של ארץ ישראל
המכון לארכיאולוגיה גלילית,1127526,ארכאולוגיה של ארץ ישראל
"המכון לארכיאולוגיה ע""ש זינמן",769530,ארכאולוגיה של ארץ ישראל
העמותה הישראלית לפרהיסטוריה,980238,ארכאולוגיה של ארץ ישראל
הפפירוסים של ניצנה,1382328,ארכאולוגיה של ארץ ישראל
הקריה הלאומית לארכאולוגיה של ארץ ישראל,874128,ארכאולוגיה של ארץ ישראל
מפת הקרן לחקר ארץ ישראל,878358,ארכאולוגיה של ארץ ישראל
הרס אתרי מורשת ישראלית,2075122,ארכאולוגיה של ארץ ישראל
הרצאות שווייך,1933065,ארכאולוגיה של ארץ ישראל
השוק העירוני בבאר שבע,2043541,ארכאולוגיה של ארץ ישראל
"התנ""ך האבוד",657353,ארכאולוגיה של ארץ ישראל
ח'רבת טרפין,2181826,ארכאולוגיה של ארץ ישראל
חורבת זכריה,2368649,ארכאולוגיה של ארץ ישראל
חורבת עלמית,1949837,ארכאולוגיה של ארץ ישראל
חורבת שורה,2362838,ארכאולוגיה של ארץ ישראל
טביעת חותם לשר העיר,2372926,ארכאולוגיה של ארץ ישראל
טכנולוגיה פרה היסטורית,123617,ארכאולוגיה של ארץ ישראל
רודולף כהן,2289636,ארכאולוגיה של ארץ ישראל
כתובת מצובה,2122896,ארכאולוגיה של ארץ ישראל
כתובת תאודוטוס בן וטנוס,322088,ארכאולוגיה של ארץ ישראל
לשמע עבד ירבעם,2372558,ארכאולוגיה של ארץ ישראל
מגילות מדבר יהודה,35165,ארכאולוגיה של ארץ ישראל
מחלקת העתיקות של ממשלת המנדט הבריטי,739865,ארכאולוגיה של ארץ ישראל
מיזם קורונה,1458473,ארכאולוגיה של ארץ ישראל
מכון ישראלי לארכאולוגיה,543649,ארכאולוגיה של ארץ ישראל
מקדש מגדל,924634,ארכאולוגיה של ארץ ישראל
מתקנים לגידול יונים בארץ ישראל,970518,ארכאולוגיה של ארץ ישראל
סקר הר מנשה,470471,ארכאולוגיה של ארץ ישראל
חוק העתיקות,742066,ארכאולוגיה של ארץ ישראל
פארק אלונה,1016637,ארכאולוגיה של ארץ ישראל
פגיעה ארכאולוגית בעתיקות הר הבית,2093156,ארכאולוגיה של ארץ ישראל
פים,710691,ארכאולוגיה של ארץ ישראל
פסל ראש מלך,2459106,ארכאולוגיה של ארץ ישראל
פרויקט סינון העפר מהר הבית,652459,ארכאולוגיה של ארץ ישראל
רגמים בדרום-מערב ירושלים,344823,ארכאולוגיה של ארץ ישראל
רשות העתיקות,204510,ארכאולוגיה של ארץ ישראל
רשימת ממצאים מרכזיים בארכאולוגיה מקראית,1860419,ארכאולוגיה של ארץ ישראל
שינויים בשדה המגנטי,2151029,ארכאולוגיה של ארץ ישראל
שלום קומאיסה,775448,ארכאולוגיה של ארץ ישראל
תגליות,2275264,ארכאולוגיה של ארץ ישראל
פליקס-מארי אבל,1448417,ארכאולוגיה של ארץ ישראל
ויליאם פוקסוול אולברייט,53510,ארכאולוגיה של ארץ ישראל
גאודנציו אורפלי,1441609,ארכאולוגיה של ארץ ישראל
ג'ון הנרי אייליף,1432634,ארכאולוגיה של ארץ ישראל
בלרמינו בגאטי,1810301,ארכאולוגיה של ארץ ישראל
פרדריק בליס,796840,ארכאולוגיה של ארץ ישראל
דימיטרי בראמכי,1419906,ארכאולוגיה של ארץ ישראל
דורותי גארוד,211474,ארכאולוגיה של ארץ ישראל
כורש הרצל גורדון,889960,ארכאולוגיה של ארץ ישראל
הרמן גותה,739385,ארכאולוגיה של ארץ ישראל
פיליפ לנגסטף אורד גיא,737924,ארכאולוגיה של ארץ ישראל
אלברט גלוק,1724952,ארכאולוגיה של ארץ ישראל
נלסון גליק,165911,ארכאולוגיה של ארץ ישראל
ג'ון גרסטנג,716177,ארכאולוגיה של ארץ ישראל
רולאן דה וו,902747,ארכאולוגיה של ארץ ישראל
ויליאם דיוור,897602,ארכאולוגיה של ארץ ישראל
רוברט ויליאם המילטון,1427448,ארכאולוגיה של ארץ ישראל
ג'רלד לנקסטר הרדינג,1463701,ארכאולוגיה של ארץ ישראל
קרל ואצינגר,678683,ארכאולוגיה של ארץ ישראל
לירוי ווטרמן,698604,ארכאולוגיה של ארץ ישראל
צ'ארלס וורן,229299,ארכאולוגיה של ארץ ישראל
רמון וייל,737809,ארכאולוגיה של ארץ ישראל
צ'ארלס וילסון,483921,ארכאולוגיה של ארץ ישראל
ברנאר ונדרמרש,1538044,ארכאולוגיה של ארץ ישראל
לואי-איג ונסן,739991,ארכאולוגיה של ארץ ישראל
ארנסט זלין,1058368,ארכאולוגיה של ארץ ישראל
אולגה טפנל,719803,ארכאולוגיה של ארץ ישראל
פרנסיס טרוויל-פיטר,693814,ארכאולוגיה של ארץ ישראל
מארי-ז'וזף לגראנז',740002,ארכאולוגיה של ארץ ישראל
צ'ארלס למברט,1217170,ארכאולוגיה של ארץ ישראל
רוברט מקאליסטר,52358,ארכאולוגיה של ארץ ישראל
רנה נוויל,1451164,ארכאולוגיה של ארץ ישראל
לורנס סטייגר,1550750,ארכאולוגיה של ארץ ישראל
הסטר לוסי סטנהופ,737816,ארכאולוגיה של ארץ ישראל
ג'יימס לסלי סטרקי,170673,ארכאולוגיה של ארץ ישראל
נחום סלושץ,495566,ארכאולוגיה של ארץ ישראל
מונטגיו פארקר,739013,ארכאולוגיה של ארץ ישראל
פלינדרס פיטרי,689858,ארכאולוגיה של ארץ ישראל
ארמטה פיירוטי,742270,ארכאולוגיה של ארץ ישראל
ז'אן פרו,891982,ארכאולוגיה של ארץ ישראל
היינריך קוהל,738310,ארכאולוגיה של ארץ ישראל
שארל קלרמון-גנו,54957,ארכאולוגיה של ארץ ישראל
קתלין קניון,571379,ארכאולוגיה של ארץ ישראל
ג'ון וינטר קרופוט,1039261,ארכאולוגיה של ארץ ישראל
אדוארד רובינסון,288614,ארכאולוגיה של ארץ ישראל
ג'ורג' אנדרו רייזנר,737814,ארכאולוגיה של ארץ ישראל
קונרד שיק,72573,ארכאולוגיה של ארץ ישראל
היסטוריה של עם ישראל,1900,תולדות עם ישראל
Israelitische Annalen,1990402,תולדות עם ישראל
אחרונים,49072,תולדות עם ישראל
גטו,4458,תולדות עם ישראל
גירוש הנשים הנוכריות,1047951,תולדות עם ישראל
גלות (יהדות),35387,תולדות עם ישראל
גלות אדום,2222815,תולדות עם ישראל
גניזת אירופה,1769466,תולדות עם ישראל
גניזת קהיר,53843,תולדות עם ישראל
תור הזהב של יהודי ספרד,14816,תולדות עם ישראל
היהודים האדומים,1822481,תולדות עם ישראל
היסטוריה של היהדות הקראית,53674,תולדות עם ישראל
היסטוריה של היהודים (ספר),2427535,תולדות עם ישראל
המיתוס של עשרת השבטים האבודים,1877851,תולדות עם ישראל
הרוג מלכות,400389,תולדות עם ישראל
השאלה היהודית,1126532,תולדות עם ישראל
השומרונים בהלכה,62618,תולדות עם ישראל
השנים החסרות,986079,תולדות עם ישראל
התבוללות,13167,תולדות עם ישראל
התייוונות,270710,תולדות עם ישראל
ויכוח פדובה,1302967,תולדות עם ישראל
חורבת קלפה,2339076,תולדות עם ישראל
חידוש הסמיכה,121985,תולדות עם ישראל
יידישיזם,7865,תולדות עם ישראל
הכרונולוגיה המקראית והמסורתית,8253,תולדות עם ישראל
כתב הסובלנות,176167,תולדות עם ישראל
מלאח,95271,תולדות עם ישראל
ממלכת הכוזרים,6359,תולדות עם ישראל
מניין השטרות,152002,תולדות עם ישראל
מניין השנים בלוח העברי,798720,תולדות עם ישראל
מניין לחורבן הבית,475067,תולדות עם ישראל
מס סובלנות,1745126,תולדות עם ישראל
מסירות נפש ביהדות,534860,תולדות עם ישראל
מקורות היהדות,1930298,תולדות עם ישראל
משפט פריז,6287,תולדות עם ישראל
עברית מקראית,83597,תולדות עם ישראל
עשרת השבטים,22075,תולדות עם ישראל
"פרעות ""הפ-הפ""",176603,תולדות עם ישראל
ציון (כתב עת),389540,תולדות עם ישראל
קאנוניזציה של כתבים,49430,תולדות עם ישראל
קללת עזרא הסופר,796321,תולדות עם ישראל
ראש הגולה,43789,תולדות עם ישראל
רחוב היהודים (אירופה),1080940,תולדות עם ישראל
שאלות ותשובות,31924,תולדות עם ישראל
שטעטל,77794,תולדות עם ישראל
שפות יהודיות,7861,תולדות עם ישראל
תולדות ביתא ישראל,607604,תולדות עם ישראל
תחיית הלשון העברית,92630,תולדות עם ישראל
תנאים,24944,תולדות עם ישראל
בר כוכבא,14700,תולדות עם ישראל
פנחס דשבסקי,715873,תולדות עם ישראל
הלני המלכה,411913,תולדות עם ישראל
יוחנן הגדי,933911,תולדות עם ישראל
הירש לקרט,155161,תולדות עם ישראל
ולדימיר מדם,133583,תולדות עם ישראל
מונבז השני,968333,תולדות עם ישראל
שפרה מישלוב,2251413,תולדות עם ישראל
סרגיי נילוס,98432,תולדות עם ישראל
דונה גרציה נשיא,169907,תולדות עם ישראל
שבתי צבי,1466,תולדות עם ישראל
ציון ציפורה,606632,תולדות עם ישראל
קיפא,141900,תולדות עם ישראל
אנטישמיות,316,תולדות עם ישראל
אנטישמיות בעולם הערבי,1343965,תולדות עם ישראל
Stormfront (אתר אינטרנט),2016659,תולדות עם ישראל
Within Our Lifetime,2349027,תולדות עם ישראל
אישה מכה נאו-נאצי עם תיק יד,1822693,תולדות עם ישראל
אנדורה (מחזה),1027237,תולדות עם ישראל
אנטישמיות באוניברסיטאות במאות ה-20 וה-21,1538685,תולדות עם ישראל
אנטישמיות באירופה,2394307,תולדות עם ישראל
אנטישמיות באמריקה הלטינית,2402627,תולדות עם ישראל
אנטישמיות בבלקן,2461561,תולדות עם ישראל
אנטישמיות בוויקיפדיה,2390240,תולדות עם ישראל
אנטישמיות בספורט,2059703,תולדות עם ישראל
אנטישמיות ברשתות החברתיות,2294602,תולדות עם ישראל
אנטישמיות מודרנית,1998,תולדות עם ישראל
אנטישמיות מוסלמית,1160402,תולדות עם ישראל
אנטישמיות נוצרית,1346,תולדות עם ישראל
אף יהודי,1908316,תולדות עם ישראל
בודה (מיתולוגיה),957333,תולדות עם ישראל
הגזענות (ספר),396696,תולדות עם ישראל
גירוש יהודי הונגריה מערי השדה ומהכפרים,1752298,תולדות עם ישראל
אנטישמיות בגרמניה,365,תולדות עם ישראל
דה-הומניזציה,2222069,תולדות עם ישראל
"דו""ח לוכטר",1460822,תולדות עם ישראל
דוקטור אלמסדו,1138820,תולדות עם ישראל
דור הולך ודור בא,1140253,תולדות עם ישראל
דימוי הגבר היהודי כאישה,1443662,תולדות עם ישראל
דפוק וזרוק בפריז ובלונדון,1337608,תולדות עם ישראל
האנטישמיות החדשה,993979,תולדות עם ישראל
הד (סימון אנטישמי),1605707,תולדות עם ישראל
הטלאי העגול (ימי הביניים),2183303,תולדות עם ישראל
היסטוריה של האנטישמיות,1344570,תולדות עם ישראל
הישות הציונית,1303740,תולדות עם ישראל
הכחשת בית המקדש,2362055,תולדות עם ישראל
הכחשת השואה,14063,תולדות עם ישראל
הליגה האנטישמית,2361308,תולדות עם ישראל
המאבק על השחיטה הכשרה,620368,תולדות עם ישראל
המחאות נגד ישראל באוניברסיטאות בארצות הברית,2331159,תולדות עם ישראל
המכון לסקירה היסטורית,1567942,תולדות עם ישראל
הצהרת ירושלים על אנטישמיות,2365409,תולדות עם ישראל
הרפטריאציה של שורדי השואה מברית המועצות לפולין,2367713,תולדות עם ישראל
השואה,589226,תולדות עם ישראל
התאומים הסיאמיים מוונציה,1037278,תולדות עם ישראל
התוכנית למאבק באנטישמיות ברשת,1642517,תולדות עם ישראל
התרמית אודות הוראת השואה בבריטניה 2007,1875589,תולדות עם ישראל
ורליק ורגיסי,2503652,תולדות עם ישראל
ז'יד,734541,תולדות עם ישראל
ח'ייבר ח'ייבר יא יהוד,2293518,תולדות עם ישראל
חוק הכחשת השואה (בלגיה),2512164,תולדות עם ישראל
חותמת יהודית,2248589,תולדות עם ישראל
טארק א-סווידאן,2358422,תולדות עם ישראל
טוהר הדם,229179,תולדות עם ישראל
טענות נגד הלגיטימיות של ישראל וקריאות להשמדתה,1709194,תולדות עם ישראל
יודנריין,1305981,תולדות עם ישראל
כוח המשימה נקסוס,2383616,תולדות עם ישראל
לה ליבר פארול,1815068,תולדות עם ישראל
למה דווקא היהודים?,2419711,תולדות עם ישראל
מבחן שלוש ה-D לאנטישמיות,1303658,תולדות עם ישראל
מדד האנטישמיות בעולם,1189483,תולדות עם ישראל
מה יפית,392931,תולדות עם ישראל
מהנהר עד לים,2276218,תולדות עם ישראל
מוחמד אבו סמרה,2122285,תולדות עם ישראל
מס-קום-יה,2455658,תולדות עם ישראל
מסיבת צחצוח,2311351,תולדות עם ישראל
משפטי פראג,25473,תולדות עם ישראל
נאו-נאציזם,144892,תולדות עם ישראל
נגד אפיון,779339,תולדות עם ישראל
נגד היהודים,2480259,תולדות עם ישראל
עיסא נח'לה,1894526,תולדות עם ישראל
אלכסיי סובורין,2121550,תולדות עם ישראל
עלילות אנטישמיות,2438884,תולדות עם ישראל
עשו שונא ליעקב,1413003,תולדות עם ישראל
פוגרום,14263,תולדות עם ישראל
פוגרום ברסט (1937),2487438,תולדות עם ישראל
כריסטיאן פיצ'וליני,2517466,תולדות עם ישראל
פקס כריסטי,923270,תולדות עם ישראל
פרש בלי סוס,353804,תולדות עם ישראל
פרשת דרייפוס,632,תולדות עם ישראל
ציר הזמן של האנטישמיות,2025678,תולדות עם ישראל
קסטריו מוטה דה חודיוס,1321677,תולדות עם ישראל
שליחים מיוחדים למאבק באנטישמיות,2353484,תולדות עם ישראל
שנאת ישראל בעולם היווני-רומי,28673,תולדות עם ישראל
שקר גדול,2247943,תולדות עם ישראל
שרפתו של יהודה,814781,תולדות עם ישראל
מדעי הרוח הדיגיטליים,1185594,מדעי הרוח הדיגיטליים
אוצר הספרים היהודי השיתופי,1831025,מדעי הרוח הדיגיטליים
אתר הפיוט והתפילה,809180,מדעי הרוח הדיגיטליים
המילון ההיסטורי ללשון העברית,212486,מדעי הרוח הדיגיטליים
זמרשת,695275,מדעי הרוח הדיגיטליים
עיתונות יהודית היסטורית,849192,מדעי הרוח הדיגיטליים
פרויקט בן-יהודה,8056,מדעי הרוח הדיגיטליים
"פרויקט השו""ת",78945,מדעי הרוח הדיגיטליים
פרויקט תאוי,2364557,מדעי הרוח הדיגיטליים
רננה קידר,2516408,מדעי הרוח הדיגיטליים
יעקב שויקה,63124,מדעי הרוח הדיגיטליים
ספרייה דיגיטלית,1017891,מדעי הרוח הדיגיטליים
Compact Memory,860195,מדעי הרוח הדיגיטליים
Europeana,936561,מדעי הרוח הדיגיטליים
JSTOR,771012,מדעי הרוח הדיגיטליים
MUSE,774618,מדעי הרוח הדיגיטליים
Online Computer Library Center,587500,מדעי הרוח הדיגיטליים
אוצר החכמה,1334625,מדעי הרוח הדיגיטליים
אינטרנט בקופסה,2342109,מדעי הרוח הדיגיטליים
איתן (עמותה),500345,מדעי הרוח הדיגיטליים
ארכיון האינטרנט,707520,מדעי הרוח הדיגיטליים
ארכיון ויליאם בלייק,1542496,מדעי הרוח הדיגיטליים
גאליקה,559796,מדעי הרוח הדיגיטליים
גוגל ספרים,843844,מדעי הרוח הדיגיטליים
פרויקט גוטנברג,8147,מדעי הרוח הדיגיטליים
דעת (אתר אינטרנט),795827,מדעי הרוח הדיגיטליים
הארכיון של אנה,2267700,מדעי הרוח הדיגיטליים
היברובוקס,682664,מדעי הרוח הדיגיטליים
המכון הכורדי בפריז,1665473,מדעי הרוח הדיגיטליים
המכון למידע מדעי,1874032,מדעי הרוח הדיגיטליים
המרכז לספרי יידיש,886244,מדעי הרוח הדיגיטליים
הספרייה הדיגיטלית הלאומית של קוריאה,1941634,מדעי הרוח הדיגיטליים
הספרייה הדיגיטלית העולמית,661416,מדעי הרוח הדיגיטליים
הספרייה הדיגיטלית של קטר,1337517,מדעי הרוח הדיגיטליים
הספרייה הווירטואלית של מטח,592201,מדעי הרוח הדיגיטליים
הספרייה הנשיאותית על שם בוריס ילצין,1911314,מדעי הרוח הדיגיטליים
וייבאק מאשין,1298469,מדעי הרוח הדיגיטליים
ויקיטקסט,70635,מדעי הרוח הדיגיטליים
ויקיספר,56260,מדעי הרוח הדיגיטליים
כותר (ספרייה דיגיטלית),1120063,מדעי הרוח הדיגיטליים
לקסיס נקסיס,879169,מדעי הרוח הדיגיטליים
מזהה עצם דיגיטלי,582077,מדעי הרוח הדיגיטליים
ספריא,1581995,מדעי הרוח הדיגיטליים
ספרייה 2.0,372286,מדעי הרוח הדיגיטליים
ספריית Z,2279382,מדעי הרוח הדיגיטליים
ספריית אסיף,2219199,מדעי הרוח הדיגיטליים
ספריית הארגון לשיתוף פעולה ולפיתוח כלכלי,1337404,מדעי הרוח הדיגיטליים
על התורה,2006513,מדעי הרוח הדיגיטליים
"פא""ר",579796,מדעי הרוח הדיגיטליים
פנדורה (ארכיון),1337534,מדעי הרוח הדיגיטליים
פסיכולוגיה עברית,602771,מדעי הרוח הדיגיטליים
"פסיק, הספרייה הדיגיטלית",2316654,מדעי הרוח הדיגיטליים
פרויקט יום הדין,454187,מדעי הרוח הדיגיטליים
פרויקט נזכור,12395,מדעי הרוח הדיגיטליים
פרויקט פרסאוס,922184,מדעי הרוח הדיגיטליים
פרויקט רונברג,1267207,מדעי הרוח הדיגיטליים
קוד מזהה בין-לאומי,1270232,מדעי הרוח הדיגיטליים
ספריית קוקרן,1332710,מדעי הרוח הדיגיטליים
"רמבי""ש",585648,מדעי הרוח הדיגיטליים
