מילה,תדירות,קטגוריה
העברית,14,מדעי הרוח הדיגיטליים
הפרויקט,13,מדעי הרוח הדיגיטליים
יצירות,13,מדעי הרוח הדיגיטליים
הרוח,11,מדעי הרוח הדיגיטליים
האתר,11,מדעי הרוח הדיגיטליים
פרויקט,9,מדעי הרוח הדיגיטליים
בשנת,8,מדעי הרוח הדיגיטליים
אתר,8,מדעי הרוח הדיגיטליים
ידי,7,מדעי הרוח הדיגיטליים
מדעי,6,מדעי הרוח הדיגיטליים
כולל,6,מדעי הרוח הדיגיטליים
מן,6,מדעי הרוח הדיגיטליים
הפיוט,6,מדעי הרוח הדיגיטליים
הדיגיטליים,5,מדעי הרוח הדיגיטליים
מידע,5,מדעי הרוח הדיגיטליים
טקסטים,5,מדעי הרוח הדיגיטליים
או,5,מדעי הרוח הדיגיטליים
מיזם,5,מדעי הרוח הדיגיטליים
תוכן,5,מדעי הרוח הדיגיטליים
במסגרת,5,מדעי הרוח הדיגיטליים
המאה,5,מדעי הרוח הדיגיטליים
ועד,5,מדעי הרוח הדיגיטליים
תל,5,מדעי הרוח הדיגיטליים
אביב,5,מדעי הרוח הדיגיטליים
באוניברסיטת,5,מדעי הרוח הדיגיטליים
חיפוש,5,מדעי הרוח הדיגיטליים
במדעי,4,מדעי הרוח הדיגיטליים
המחשב,4,מדעי הרוח הדיגיטליים
וכן,4,מדעי הרוח הדיגיטליים
שונות,4,מדעי הרוח הדיגיטליים
היהודי,4,מדעי הרוח הדיגיטליים
אשר,4,מדעי הרוח הדיגיטליים
פועל,4,מדעי הרוח הדיגיטליים
לציבור,4,מדעי הרוח הדיגיטליים
מהדורות,4,מדעי הרוח הדיגיטליים
ספרות,4,מדעי הרוח הדיגיטליים
בעלי,4,מדעי הרוח הדיגיטליים
הזכויות,4,מדעי הרוח הדיגיטליים
המיזם,4,מדעי הרוח הדיגיטליים
אינו,4,מדעי הרוח הדיגיטליים
המאגר,4,מדעי הרוח הדיגיטליים
והוא,4,מדעי הרוח הדיגיטליים
שם,4,מדעי הרוח הדיגיטליים
מאגר,4,מדעי הרוח הדיגיטליים
היסטוריים,4,מדעי הרוח הדיגיטליים
ממוחשב,4,מדעי הרוח הדיגיטליים
עברית,4,מדעי הרוח הדיגיטליים
הזמר,4,מדעי הרוח הדיגיטליים
העברי,4,מדעי הרוח הדיגיטליים
יהודית,4,מדעי הרוח הדיגיטליים
פוסט,4,מדעי הרוח הדיגיטליים
קיבל,4,מדעי הרוח הדיגיטליים
החל,4,מדעי הרוח הדיגיטליים
קידר,4,מדעי הרוח הדיגיטליים
למדעי,4,מדעי הרוח הדיגיטליים
באוניברסיטה,4,מדעי הרוח הדיגיטליים
במרכז,4,מדעי הרוח הדיגיטליים
שויקה,4,מדעי הרוח הדיגיטליים
מחקר,3,מדעי הרוח הדיגיטליים
שימוש,3,מדעי הרוח הדיגיטליים
בשיטות,3,מדעי הרוח הדיגיטליים
דרך,3,מדעי הרוח הדיגיטליים
חלק,3,מדעי הרוח הדיגיטליים
באמצעות,3,מדעי הרוח הדיגיטליים
במהלך,3,מדעי הרוח הדיגיטליים
הבאים,3,מדעי הרוח הדיגיטליים
הספרים,3,מדעי הרוח הדיגיטליים
תרבותי,3,מדעי הרוח הדיגיטליים
עבודת,3,מדעי הרוח הדיגיטליים
להנגיש,3,מדעי הרוח הדיגיטליים
רחב,3,מדעי הרוח הדיגיטליים
תוך,3,מדעי הרוח הדיגיטליים
היתר,3,מדעי הרוח הדיגיטליים
האינטרנט,3,מדעי הרוח הדיגיטליים
הספרות,3,מדעי הרוח הדיגיטליים
הטקסטים,3,מדעי הרוח הדיגיטליים
היצירות,3,מדעי הרוח הדיגיטליים
בעלות,3,מדעי הרוח הדיגיטליים
אופי,3,מדעי הרוח הדיגיטליים
הזמנה,3,מדעי הרוח הדיגיטליים
לפיוט,3,מדעי הרוח הדיגיטליים
סנונית,3,מדעי הרוח הדיגיטליים
לשימור,3,מדעי הרוח הדיגיטליים
אינטרנט,3,מדעי הרוח הדיגיטליים
שהוקם,3,מדעי הרוח הדיגיטליים
הקלטות,3,מדעי הרוח הדיגיטליים
באתר,3,מדעי הרוח הדיגיטליים
המילון,3,מדעי הרוח הדיגיטליים
ללשון,3,מדעי הרוח הדיגיטליים
בשפה,3,מדעי הרוח הדיגיטליים
מילה,3,מדעי הרוח הדיגיטליים
שאלות,3,מדעי הרוח הדיגיטליים
המדינה,3,מדעי הרוח הדיגיטליים
פי,3,מדעי הרוח הדיגיטליים
באופן,3,מדעי הרוח הדיגיטליים
כיום,3,מדעי הרוח הדיגיטליים
חברה,3,מדעי הרוח הדיגיטליים
הציבור,3,מדעי הרוח הדיגיטליים
שנות,3,מדעי הרוח הדיגיטליים
זמרשת,3,מדעי הרוח הדיגיטליים
בפרויקט,3,מדעי הרוח הדיגיטליים
ישראל,3,מדעי הרוח הדיגיטליים
זכה,3,מדעי הרוח הדיגיטליים
בפרס,3,מדעי הרוח הדיגיטליים
עיתונות,3,מדעי הרוח הדיגיטליים
הלאומית,3,מדעי הרוח הדיגיטליים
הראשונים,3,מדעי הרוח הדיגיטליים
אוניברסיטת,3,מדעי הרוח הדיגיטליים
תוכנה,3,מדעי הרוח הדיגיטליים
העיתון,3,מדעי הרוח הדיגיטליים
בארצות,3,מדעי הרוח הדיגיטליים
מכיל,3,מדעי הרוח הדיגיטליים
אך,3,מדעי הרוח הדיגיטליים
שנכתבו,3,מדעי הרוח הדיגיטליים
כיוון,3,מדעי הרוח הדיגיטליים
השו,3,מדעי הרוח הדיגיטליים
ויצמן,3,מדעי הרוח הדיגיטליים
טקסט,3,מדעי הרוח הדיגיטליים
בר,3,מדעי הרוח הדיגיטליים
אילן,3,מדעי הרוח הדיגיטליים
פרופ,3,מדעי הרוח הדיגיטליים
פרנקל,3,מדעי הרוח הדיגיטליים
תאוי,3,מדעי הרוח הדיגיטליים
המיתולוגיה,3,מדעי הרוח הדיגיטליים
היוונית,3,מדעי הרוח הדיגיטליים
תואר,3,מדעי הרוח הדיגיטליים
בראש,3,מדעי הרוח הדיגיטליים
לחקר,3,מדעי הרוח הדיגיטליים
שוויכה,3,מדעי הרוח הדיגיטליים
באנגלית,2,מדעי הרוח הדיגיטליים
מחשוב,2,מדעי הרוח הדיגיטליים
תחומי,2,מדעי הרוח הדיגיטליים
מטרתם,2,מדעי הרוח הדיגיטליים
להגדיר,2,מדעי הרוח הדיגיטליים
המסורתי,2,מדעי הרוח הדיגיטליים
היקפו,2,מדעי הרוח הדיגיטליים
המאפשר,2,מדעי הרוח הדיגיטליים
הדיגיטלי,2,מדעי הרוח הדיגיטליים
חדשות,2,מדעי הרוח הדיגיטליים
וכל,2,מדעי הרוח הדיגיטליים
יכול,2,מדעי הרוח הדיגיטליים
תמונות,2,מדעי הרוח הדיגיטליים
היסטוריה,2,מדעי הרוח הדיגיטליים
בוסה,2,מדעי הרוח הדיגיטליים
נחשב,2,מדעי הרוח הדיגיטליים
המחשוב,2,מדעי הרוח הדיגיטליים
ליצור,2,מדעי הרוח הדיגיטליים
מילים,2,מדעי הרוח הדיגיטליים
בהקשר,2,מדעי הרוח הדיגיטליים
תומאס,2,מדעי הרוח הדיגיטליים
מחשב,2,מדעי הרוח הדיגיטליים
בדרך,2,מדעי הרוח הדיגיטליים
תחת,2,מדעי הרוח הדיגיטליים
חוקרים,2,מדעי הרוח הדיגיטליים
לניתוח,2,מדעי הרוח הדיגיטליים
נתונים,2,מדעי הרוח הדיגיטליים
אוצר,2,מדעי הרוח הדיגיטליים
המבוסס,2,מדעי הרוח הדיגיטליים
מתנדבים,2,מדעי הרוח הדיגיטליים
באינטרנט,2,מדעי הרוח הדיגיטליים
ומטרתו,2,מדעי הרוח הדיגיטליים
לשמר,2,מדעי הרוח הדיגיטליים
ולחשוף,2,מדעי הרוח הדיגיטליים
בקלות,2,מדעי הרוח הדיגיטליים
ובאופן,2,מדעי הרוח הדיגיטליים
חופשי,2,מדעי הרוח הדיגיטליים
באיכות,2,מדעי הרוח הדיגיטליים
ספרי,2,מדעי הרוח הדיגיטליים
פרשנות,2,מדעי הרוח הדיגיטליים
לרשת,2,מדעי הרוח הדיגיטליים
תשע,2,מדעי הרוח הדיגיטליים
לאורך,2,מדעי הרוח הדיגיטליים
הדורות,2,מדעי הרוח הדיגיטליים
הכלל,2,מדעי הרוח הדיגיטליים
וחלקן,2,מדעי הרוח הדיגיטליים
במטרה,2,מדעי הרוח הדיגיטליים
לאפשר,2,מדעי הרוח הדיגיטליים
גישה,2,מדעי הרוח הדיגיטליים
שאינו,2,מדעי הרוח הדיגיטליים
מוקלדות,2,מדעי הרוח הדיגיטליים
ולא,2,מדעי הרוח הדיגיטליים
נסרקות,2,מדעי הרוח הדיגיטליים
מנוקדות,2,מדעי הרוח הדיגיטליים
מתמקד,2,מדעי הרוח הדיגיטליים
תורני,2,מדעי הרוח הדיגיטליים
מובהק,2,מדעי הרוח הדיגיטליים
בן,2,מדעי הרוח הדיגיטליים
יהודה,2,מדעי הרוח הדיגיטליים
הפועל,2,מדעי הרוח הדיגיטליים
מסורות,2,מדעי הרוח הדיגיטליים
פעילויות,2,מדעי הרוח הדיגיטליים
שימור,2,מדעי הרוח הדיגיטליים
תרבות,2,מדעי הרוח הדיגיטליים
עמותת,2,מדעי הרוח הדיגיטליים
מרכזי,2,מדעי הרוח הדיגיטליים
הישראלית,2,מדעי הרוח הדיגיטליים
אבי,2,מדעי הרוח הדיגיטליים
חי,2,מדעי הרוח הדיגיטליים
השונות,2,מדעי הרוח הדיגיטליים
בספטמבר,2,מדעי הרוח הדיגיטליים
