מסמך,טקסט_קצר,מילים,סיכום_AI,סיווג_AI,ציון_עניין
1,תל מגידו הוא אחד האתרים הארכאולוגיים החשובים ביותר בישראל ובעולם. החפירות שנערכו...,52,"תל מגידו הוא אתר ארכאולוגי בעל חשיבות עולמית הכולל 26 שכבות התיישבות המשתרעות על פני כ-7,000 שנות היסטוריה. בין הממצאים המרכזיים שנחשפו בו ניתן למצוא ארמונות כנעניים, אורוות מתקופת המקרא ומפעל מים מתו","```json
{
  ""קטגוריה"": ""ארכיאולוגיה"",
  ""תקופה"": ""מהתקופה הנאוליתית ועד לתקופה הפרסית (כ-7,000 שנות התיישבות)"",
  ""ביטחון"": 0.98
}
```",1
2,"גניזת קהיר היא אוסף של כ-400,000 קטעי כתב יד יהודיים שנתגלו בסוף המאה ה-19 בבית ...",38,"גניזת קהיר היא אוסף עצום של כ-400,000 כתבי יד יהודיים שהתגלו בסוף המאה ה-19 בבית הכנסת בן עזרא שבמצרים. המסמכים מתעדים כאלף שנות היסטוריה ומספקים מידע רב-ערך על חיי היהודים בארצות האסלאם במגוון תחומי ","```json
{
  ""קטגוריה"": ""היסטוריה"",
  ""תקופה"": ""ימי הביניים עד העת החדשה (המאה ה-9 עד המאה ה-19)"",
  ""ביטחון"": 0.95
}
```",0
3,"פרויקט השו""ת הוא מאגר דיגיטלי המכיל את כלל ספרות ההלכה היהודית — למעלה מ-300,000...",30,"פרויקט השו""ת הוא מאגר דיגיטלי מקיף המאפשר חיפוש טקסטואלי במאות אלפי פסקי הלכה וספרות תורנית. חוקרים משתמשים בשיטות עיבוד שפה טבעית (NLP) על גבי המאגר כדי לזהות ולנתח תבניות ומגמות היסטוריות בספרות זו.","```json
{
  ""קטגוריה"": ""מדעי הרוח הדיגיטליים"",
  ""תקופה"": ""ימי הביניים עד העת החדשה"",
  ""ביטחון"": 0.98
}
```",0
