כותרת,קטגוריה,קישורים_נכנסים,קישורים_יוצאים,סך_קישורים,PageRank
פרויקט גוטנברג,מדעי הרוח הדיגיטליים,28,17,45,0.029421
ארכיון האינטרנט,מדעי הרוח הדיגיטליים,24,14,38,0.026901
פרויקט בן-יהודה,מדעי הרוח הדיגיטליים,28,15,43,0.026171
דעת (אתר אינטרנט),מדעי הרוח הדיגיטליים,34,15,49,0.024051
ויקיטקסט,מדעי הרוח הדיגיטליים,27,16,43,0.023819
אנטישמיות,תולדות עם ישראל,68,44,112,0.023068
היברובוקס,מדעי הרוח הדיגיטליים,29,16,45,0.021855
ספרייה דיגיטלית,מדעי הרוח הדיגיטליים,18,3,21,0.020334
גוגל ספרים,מדעי הרוח הדיגיטליים,21,16,37,0.019683
"פרויקט השו""ת",מדעי הרוח הדיגיטליים,18,16,34,0.018427
אוצר הספרים היהודי השיתופי,מדעי הרוח הדיגיטליים,19,14,33,0.0184
ספריית אסיף,מדעי הרוח הדיגיטליים,18,14,32,0.017853
המילון ההיסטורי ללשון העברית,מדעי הרוח הדיגיטליים,18,19,37,0.0177
אוצר החכמה,מדעי הרוח הדיגיטליים,18,14,32,0.017653
על התורה,מדעי הרוח הדיגיטליים,16,15,31,0.017347
ספריא,מדעי הרוח הדיגיטליים,15,15,30,0.017183
"רמבי""ש",מדעי הרוח הדיגיטליים,15,14,29,0.017118
רשות העתיקות,ארכאולוגיה של ארץ ישראל,29,13,42,0.016189
השואה,תולדות עם ישראל,55,30,85,0.015332
מזהה עצם דיגיטלי,מדעי הרוח הדיגיטליים,20,1,21,0.014682
Online Computer Library Center,מדעי הרוח הדיגיטליים,6,0,6,0.014679
קוד מזהה בין-לאומי,מדעי הרוח הדיגיטליים,1,2,3,0.013137
הכחשת השואה,תולדות עם ישראל,38,32,70,0.011476
מגילות מדבר יהודה,ארכאולוגיה של ארץ ישראל,13,9,22,0.009274
החברה לחקירת ארץ-ישראל ועתיקותיה,ארכאולוגיה של ארץ ישראל,15,8,23,0.008232
אנטישמיות נוצרית,תולדות עם ישראל,32,29,61,0.008015
ארכאולוגיה מקראית,ארכאולוגיה של ארץ ישראל,14,26,40,0.007975
JSTOR,מדעי הרוח הדיגיטליים,18,1,19,0.007747
היסטוריה של עם ישראל,תולדות עם ישראל,22,21,43,0.007519
האנטישמיות החדשה,תולדות עם ישראל,32,28,60,0.006997
שנאת ישראל בעולם היווני-רומי,תולדות עם ישראל,29,28,57,0.00687
מחלקת העתיקות של ממשלת המנדט הבריטי,ארכאולוגיה של ארץ ישראל,11,8,19,0.006687
הארכיון של אנה,מדעי הרוח הדיגיטליים,7,7,14,0.006632
המכון לארכאולוגיה (אוניברסיטת תל אביב),ארכאולוגיה של ארץ ישראל,9,11,20,0.006626
אנטישמיות מודרנית,תולדות עם ישראל,30,25,55,0.006556
היסטוריה של האנטישמיות,תולדות עם ישראל,29,25,54,0.006554
אנטישמיות באירופה,תולדות עם ישראל,29,28,57,0.006554
הספרייה הווירטואלית של מטח,מדעי הרוח הדיגיטליים,12,1,13,0.006405
השאלה היהודית,תולדות עם ישראל,28,23,51,0.00632
כוח המשימה נקסוס,תולדות עם ישראל,28,23,51,0.006314
אנטישמיות מוסלמית,תולדות עם ישראל,28,26,54,0.006271
מבחן שלוש ה-D לאנטישמיות,תולדות עם ישראל,29,22,51,0.006225
עלילות אנטישמיות,תולדות עם ישראל,28,4,32,0.00617
אנטישמיות בגרמניה,תולדות עם ישראל,28,24,52,0.006138
הישות הציונית,תולדות עם ישראל,28,22,50,0.006047
ציר הזמן של האנטישמיות,תולדות עם ישראל,27,38,65,0.006035
אנטישמיות בעולם הערבי,תולדות עם ישראל,27,28,55,0.005988
הכחשת בית המקדש,תולדות עם ישראל,27,27,54,0.005982
מכון ישראלי לארכאולוגיה,ארכאולוגיה של ארץ ישראל,8,9,17,0.005968
דימוי הגבר היהודי כאישה,תולדות עם ישראל,27,24,51,0.005959
"פרעות ""הפ-הפ""",תולדות עם ישראל,27,24,51,0.005959
אף יהודי,תולדות עם ישראל,27,23,50,0.00595
אנטישמיות בוויקיפדיה,תולדות עם ישראל,27,23,50,0.00595
גטו,תולדות עם ישראל,13,4,17,0.005835
"המכון לארכיאולוגיה ע""ש זינמן",ארכאולוגיה של ארץ ישראל,8,9,17,0.005819
המחלקה ללימודי ארץ ישראל וארכאולוגיה באוניברסיטת בר-אילן,ארכאולוגיה של ארץ ישראל,8,7,15,0.005679
המכון לארכיאולוגיה גלילית,ארכאולוגיה של ארץ ישראל,8,7,15,0.005679
העמותה הישראלית לפרהיסטוריה,ארכאולוגיה של ארץ ישראל,7,7,14,0.005593
רולאן דה וו,ארכאולוגיה של ארץ ישראל,10,7,17,0.005417
בר כוכבא,תולדות עם ישראל,8,4,12,0.005149
ויליאם פוקסוול אולברייט,ארכאולוגיה של ארץ ישראל,11,3,14,0.004738
פוגרום,תולדות עם ישראל,15,25,40,0.004632
עשרת השבטים,תולדות עם ישראל,14,3,17,0.00443
גניזת קהיר,תולדות עם ישראל,10,5,15,0.00431
תנאים,תולדות עם ישראל,9,9,18,0.004196
גלות (יהדות),תולדות עם ישראל,12,9,21,0.00412
ג'רלד לנקסטר הרדינג,ארכאולוגיה של ארץ ישראל,6,5,11,0.004092
פלינדרס פיטרי,ארכאולוגיה של ארץ ישראל,8,7,15,0.004085
גירוש הנשים הנוכריות,תולדות עם ישראל,1,0,1,0.003855
רוברט מקאליסטר,ארכאולוגיה של ארץ ישראל,6,5,11,0.003843
התבוללות,תולדות עם ישראל,6,1,7,0.003765
צ'ארלס וורן,ארכאולוגיה של ארץ ישראל,5,2,7,0.003651
ארכאולוגיה של ארץ ישראל,ארכאולוגיה של ארץ ישראל,9,32,41,0.003621
נאו-נאציזם,תולדות עם ישראל,10,2,12,0.003593
צ'ארלס וילסון,ארכאולוגיה של ארץ ישראל,4,2,6,0.0032
ג'ון גרסטנג,ארכאולוגיה של ארץ ישראל,6,2,8,0.003154
חוק העתיקות,ארכאולוגיה של ארץ ישראל,6,2,8,0.003041
Compact Memory,מדעי הרוח הדיגיטליים,1,2,3,0.003039
שאלות ותשובות,תולדות עם ישראל,5,6,11,0.003017
קתלין קניון,ארכאולוגיה של ארץ ישראל,4,3,7,0.00301
רחוב היהודים (אירופה),תולדות עם ישראל,2,2,4,0.002901
פרשת דרייפוס,תולדות עם ישראל,6,5,11,0.002881
עיתונות יהודית היסטורית,מדעי הרוח הדיגיטליים,3,1,4,0.002807
נגד אפיון,תולדות עם ישראל,5,3,8,0.002794
ג'יימס לסלי סטרקי,ארכאולוגיה של ארץ ישראל,5,3,8,0.002761
נלסון גליק,ארכאולוגיה של ארץ ישראל,5,0,5,0.002739
שטעטל,תולדות עם ישראל,7,6,13,0.002693
תחיית הלשון העברית,תולדות עם ישראל,5,10,15,0.002652
אולגה טפנל,ארכאולוגיה של ארץ ישראל,3,4,7,0.002628
עברית מקראית,תולדות עם ישראל,4,4,8,0.002624
שפות יהודיות,תולדות עם ישראל,3,5,8,0.002597
בבתא,ארכאולוגיה של ארץ ישראל,2,4,6,0.002545
פרדריק בליס,ארכאולוגיה של ארץ ישראל,4,3,7,0.002517
התייוונות,תולדות עם ישראל,5,3,8,0.002501
פיליפ לנגסטף אורד גיא,ארכאולוגיה של ארץ ישראל,3,5,8,0.002497
ז'אן פרו,ארכאולוגיה של ארץ ישראל,3,4,7,0.002464
כותר (ספרייה דיגיטלית),מדעי הרוח הדיגיטליים,6,1,7,0.002411
מלאח,תולדות עם ישראל,4,2,6,0.002368
המיתוס של עשרת השבטים האבודים,תולדות עם ישראל,2,5,7,0.002357
דורותי גארוד,ארכאולוגיה של ארץ ישראל,4,3,7,0.002226
מדד האנטישמיות בעולם,תולדות עם ישראל,6,6,12,0.002157
רוברט ויליאם המילטון,ארכאולוגיה של ארץ ישראל,2,4,6,0.002138
פרויקט רונברג,מדעי הרוח הדיגיטליים,1,1,2,0.002124
ציון (כתב עת),תולדות עם ישראל,6,1,7,0.002084
ממלכת הכוזרים,תולדות עם ישראל,5,4,9,0.002079
אחרונים,תולדות עם ישראל,5,7,12,0.001969
ויקיספר,מדעי הרוח הדיגיטליים,1,1,2,0.001919
קרל ואצינגר,ארכאולוגיה של ארץ ישראל,1,2,3,0.001894
הלני המלכה,תולדות עם ישראל,1,2,3,0.001894
שבתי צבי,תולדות עם ישראל,4,9,13,0.001887
דימיטרי בראמכי,ארכאולוגיה של ארץ ישראל,2,2,4,0.001819
המכון לארכאולוגיה (הר הצופים),ארכאולוגיה של ארץ ישראל,2,2,4,0.001809
רנה נוויל,ארכאולוגיה של ארץ ישראל,2,4,6,0.001808
משפט פריז,תולדות עם ישראל,4,2,6,0.001774
הקריה הלאומית לארכאולוגיה של ארץ ישראל,ארכאולוגיה של ארץ ישראל,1,1,2,0.001713
גאליקה,מדעי הרוח הדיגיטליים,1,1,2,0.001699
הרס אתרי מורשת ישראלית,ארכאולוגיה של ארץ ישראל,5,3,8,0.00165
יעקב שויקה,מדעי הרוח הדיגיטליים,1,2,3,0.001632
המכון לסקירה היסטורית,תולדות עם ישראל,3,2,5,0.001608
סקר הר מנשה,ארכאולוגיה של ארץ ישראל,3,2,5,0.001561
קאנוניזציה של כתבים,תולדות עם ישראל,1,1,2,0.00153
חורבת עלמית,ארכאולוגיה של ארץ ישראל,1,0,1,0.00153
ארכאומטלורגיה אל-ברזלית בדרום הלבנט,ארכאולוגיה של ארץ ישראל,3,0,3,0.001523
אדוארד רובינסון,ארכאולוגיה של ארץ ישראל,3,3,6,0.001507
נחום סלושץ,ארכאולוגיה של ארץ ישראל,3,5,8,0.001464
מונבז השני,תולדות עם ישראל,1,1,2,0.001459
ארנסט זלין,ארכאולוגיה של ארץ ישראל,1,1,2,0.001459
היינריך קוהל,ארכאולוגיה של ארץ ישראל,1,1,2,0.001459
פרויקט סינון העפר מהר הבית,ארכאולוגיה של ארץ ישראל,3,4,7,0.001438
כתב הסובלנות,תולדות עם ישראל,2,2,4,0.001404
שארל קלרמון-גנו,ארכאולוגיה של ארץ ישראל,3,2,5,0.001395
מניין השנים בלוח העברי,תולדות עם ישראל,4,13,17,0.001395
ג'ון הנרי אייליף,ארכאולוגיה של ארץ ישראל,1,5,6,0.001364
הצהרת ירושלים על אנטישמיות,תולדות עם ישראל,2,3,5,0.001333
רשימת ממצאים מרכזיים בארכאולוגיה מקראית,ארכאולוגיה של ארץ ישראל,3,7,10,0.001315
הרצאות שווייך,ארכאולוגיה של ארץ ישראל,1,0,1,0.001312
מונטגיו פארקר,ארכאולוגיה של ארץ ישראל,2,1,3,0.001306
פרנסיס טרוויל-פיטר,ארכאולוגיה של ארץ ישראל,1,2,3,0.001285
צ'ארלס למברט,ארכאולוגיה של ארץ ישראל,1,2,3,0.001285
פגיעה ארכאולוגית בעתיקות הר הבית,ארכאולוגיה של ארץ ישראל,2,6,8,0.00126
אנטישמיות באוניברסיטאות במאות ה-20 וה-21,תולדות עם ישראל,2,2,4,0.001235
משפטי פראג,תולדות עם ישראל,2,1,3,0.001235
תגליות,ארכאולוגיה של ארץ ישראל,1,4,5,0.001218
תור הזהב של יהודי ספרד,תולדות עם ישראל,3,6,9,0.001217
מדעי הרוח הדיגיטליים,מדעי הרוח הדיגיטליים,2,8,10,0.00121
ציון ציפורה,תולדות עם ישראל,1,0,1,0.00121
שלום קומאיסה,ארכאולוגיה של ארץ ישראל,1,1,2,0.001195
ברנאר ונדרמרש,ארכאולוגיה של ארץ ישראל,1,1,2,0.001177
מארי-ז'וזף לגראנז',ארכאולוגיה של ארץ ישראל,3,1,4,0.001166
לה ליבר פארול,תולדות עם ישראל,1,1,2,0.001144
פרויקט פרסאוס,מדעי הרוח הדיגיטליים,2,1,3,0.00114
הוועד הציבורי למניעת הרס העתיקות בהר הבית,ארכאולוגיה של ארץ ישראל,2,7,9,0.001138
אנטישמיות ברשתות החברתיות,תולדות עם ישראל,1,24,25,0.0011
אנטישמיות בבלקן,תולדות עם ישראל,1,8,9,0.0011
אנטישמיות בספורט,תולדות עם ישראל,1,2,3,0.0011
אנטישמיות באמריקה הלטינית,תולדות עם ישראל,1,5,6,0.0011
הכרונולוגיה המקראית והמסורתית,תולדות עם ישראל,2,12,14,0.001095
מהנהר עד לים,תולדות עם ישראל,2,5,7,0.001085
פליקס-מארי אבל,ארכאולוגיה של ארץ ישראל,2,3,5,0.001071
היהודים האדומים,תולדות עם ישראל,1,2,3,0.001055
גלות אדום,תולדות עם ישראל,1,6,7,0.001043
"דו""ח לוכטר",תולדות עם ישראל,1,2,3,0.000959
פרויקט נזכור,מדעי הרוח הדיגיטליים,1,4,5,0.000959
ראש הגולה,תולדות עם ישראל,2,1,3,0.000947
מניין לחורבן הבית,תולדות עם ישראל,2,7,9,0.000944
מניין השטרות,תולדות עם ישראל,3,4,7,0.000937
פארק אלונה,ארכאולוגיה של ארץ ישראל,1,0,1,0.000932
ג'ון וינטר קרופוט,ארכאולוגיה של ארץ ישראל,1,0,1,0.000915
ולדימיר מדם,תולדות עם ישראל,1,2,3,0.000903
פנחס דשבסקי,תולדות עם ישראל,1,4,5,0.000893
יידישיזם,תולדות עם ישראל,1,3,4,0.000879
הד (סימון אנטישמי),תולדות עם ישראל,1,24,25,0.000874
יודנריין,תולדות עם ישראל,1,1,2,0.000871
המחאות נגד ישראל באוניברסיטאות בארצות הברית,תולדות עם ישראל,1,3,4,0.000866
הירש לקרט,תולדות עם ישראל,1,3,4,0.000844
שרפתו של יהודה,תולדות עם ישראל,1,0,1,0.000841
אתר הפיוט והתפילה,מדעי הרוח הדיגיטליים,1,15,16,0.000839
פרש בלי סוס,תולדות עם ישראל,1,0,1,0.000836
דה-הומניזציה,תולדות עם ישראל,1,0,1,0.000836
פסיכולוגיה עברית,מדעי הרוח הדיגיטליים,1,1,2,0.000832
דונה גרציה נשיא,תולדות עם ישראל,1,3,4,0.000826
השנים החסרות,תולדות עם ישראל,2,2,4,0.000823
מסירות נפש ביהדות,תולדות עם ישראל,1,3,4,0.000789
טוהר הדם,תולדות עם ישראל,1,0,1,0.000789
זמרשת,מדעי הרוח הדיגיטליים,1,0,1,0.000782
קונרד שיק,ארכאולוגיה של ארץ ישראל,1,0,1,0.00075
הסטר לוסי סטנהופ,ארכאולוגיה של ארץ ישראל,1,1,2,0.00075
יצחקי גל,ארכאולוגיה של ארץ ישראל,1,0,1,0.00075
הרמן גותה,ארכאולוגיה של ארץ ישראל,1,1,2,0.00075
היסטוריה של היהדות הקראית,תולדות עם ישראל,1,4,5,0.000745
אינטרנט בקופסה,מדעי הרוח הדיגיטליים,0,0,0,0.000654
MUSE,מדעי הרוח הדיגיטליים,0,1,1,0.000654
איתן (עמותה),מדעי הרוח הדיגיטליים,0,1,1,0.000654
מפת הקרן לחקר ארץ ישראל,ארכאולוגיה של ארץ ישראל,0,1,1,0.000654
הפפירוסים של ניצנה,ארכאולוגיה של ארץ ישראל,0,0,0,0.000654
ארכיון ויליאם בלייק,מדעי הרוח הדיגיטליים,0,2,2,0.000654
אישה מכה נאו-נאצי עם תיק יד,תולדות עם ישראל,0,1,1,0.000654
היסטוריה של היהודים (ספר),תולדות עם ישראל,0,4,4,0.000654
כורש הרצל גורדון,ארכאולוגיה של ארץ ישראל,0,4,4,0.000654
Europeana,מדעי הרוח הדיגיטליים,0,2,2,0.000654
גניזת אירופה,תולדות עם ישראל,0,3,3,0.000654
רננה קידר,מדעי הרוח הדיגיטליים,0,2,2,0.000654
פרויקט תאוי,מדעי הרוח הדיגיטליים,0,2,2,0.000654
השוק העירוני בבאר שבע,ארכאולוגיה של ארץ ישראל,0,0,0,0.000654
"התנ""ך האבוד",ארכאולוגיה של ארץ ישראל,0,5,5,0.000654
הרוג מלכות,תולדות עם ישראל,0,0,0,0.000654
ח'רבת טרפין,ארכאולוגיה של ארץ ישראל,0,2,2,0.000654
חורבת זכריה,ארכאולוגיה של ארץ ישראל,0,1,1,0.000654
השומרונים בהלכה,תולדות עם ישראל,0,1,1,0.000654
שקר גדול,תולדות עם ישראל,0,3,3,0.000654
Israelitische Annalen,תולדות עם ישראל,0,0,0,0.000654
גלוסקמת יעקב אחי ישו,ארכאולוגיה של ארץ ישראל,0,1,1,0.000654
המועצה הארכיאולוגית,ארכאולוגיה של ארץ ישראל,0,8,8,0.000654
ג'ורג' אנדרו רייזנר,ארכאולוגיה של ארץ ישראל,0,3,3,0.000654
ספריית קוקרן,מדעי הרוח הדיגיטליים,0,0,0,0.000654
אבן מגדלא,ארכאולוגיה של ארץ ישראל,0,1,1,0.000654
לירוי ווטרמן,ארכאולוגיה של ארץ ישראל,0,0,0,0.000654
רמון וייל,ארכאולוגיה של ארץ ישראל,0,1,1,0.000654
לואי-איג ונסן,ארכאולוגיה של ארץ ישראל,0,4,4,0.000654
פרויקט יום הדין,מדעי הרוח הדיגיטליים,0,0,0,0.000654
"פסיק, הספרייה הדיגיטלית",מדעי הרוח הדיגיטליים,0,1,1,0.000654
פנדורה (ארכיון),מדעי הרוח הדיגיטליים,0,0,0,0.000654
"פא""ר",מדעי הרוח הדיגיטליים,0,0,0,0.000654
אמות המים של קיסריה,ארכאולוגיה של ארץ ישראל,0,2,2,0.000654
ספריית הארגון לשיתוף פעולה ולפיתוח כלכלי,מדעי הרוח הדיגיטליים,0,7,7,0.000654
לורנס סטייגר,ארכאולוגיה של ארץ ישראל,0,2,2,0.000654
ספריית Z,מדעי הרוח הדיגיטליים,0,1,1,0.000654
ספרייה 2.0,מדעי הרוח הדיגיטליים,0,0,0,0.000654
אתרי המקרא,ארכאולוגיה של ארץ ישראל,0,2,2,0.000654
לקסיס נקסיס,מדעי הרוח הדיגיטליים,0,0,0,0.000654
אלברט גלוק,ארכאולוגיה של ארץ ישראל,0,0,0,0.000654
ארמטה פיירוטי,ארכאולוגיה של ארץ ישראל,0,1,1,0.000654
גל יתרו,ארכאולוגיה של ארץ ישראל,0,0,0,0.000654
וייבאק מאשין,מדעי הרוח הדיגיטליים,0,1,1,0.000654
הספרייה הנשיאותית על שם בוריס ילצין,מדעי הרוח הדיגיטליים,0,1,1,0.000654
הספרייה הדיגיטלית של קטר,מדעי הרוח הדיגיטליים,0,7,7,0.000654
הספרייה הדיגיטלית העולמית,מדעי הרוח הדיגיטליים,0,0,0,0.000654
הספרייה הדיגיטלית הלאומית של קוריאה,מדעי הרוח הדיגיטליים,0,0,0,0.000654
המרכז לספרי יידיש,מדעי הרוח הדיגיטליים,0,2,2,0.000654
המכון למידע מדעי,מדעי הרוח הדיגיטליים,0,1,1,0.000654
המכון הכורדי בפריז,מדעי הרוח הדיגיטליים,0,1,1,0.000654
קסטריו מוטה דה חודיוס,תולדות עם ישראל,0,1,1,0.000654
הגת בארץ ישראל,ארכאולוגיה של ארץ ישראל,0,0,0,0.000654
שליחים מיוחדים למאבק באנטישמיות,תולדות עם ישראל,0,2,2,0.000654
כריסטיאן פיצ'וליני,תולדות עם ישראל,0,0,0,0.000654
חורבת שורה,ארכאולוגיה של ארץ ישראל,0,1,1,0.000654
דוקטור אלמסדו,תולדות עם ישראל,0,1,1,0.000654
מקורות היהדות,תולדות עם ישראל,0,2,2,0.000654
גאודנציו אורפלי,ארכאולוגיה של ארץ ישראל,0,0,0,0.000654
המאבק על השחיטה הכשרה,תולדות עם ישראל,0,2,2,0.000654
הליגה האנטישמית,תולדות עם ישראל,0,1,1,0.000654
לשמע עבד ירבעם,ארכאולוגיה של ארץ ישראל,0,1,1,0.000654
מיזם קורונה,ארכאולוגיה של ארץ ישראל,0,0,0,0.000654
מקדש מגדל,ארכאולוגיה של ארץ ישראל,0,0,0,0.000654
מתקנים לגידול יונים בארץ ישראל,ארכאולוגיה של ארץ ישראל,0,0,0,0.000654
הטלאי העגול (ימי הביניים),תולדות עם ישראל,0,0,0,0.000654
קללת עזרא הסופר,תולדות עם ישראל,0,3,3,0.000654
דפוק וזרוק בפריז ובלונדון,תולדות עם ישראל,0,1,1,0.000654
תולדות ביתא ישראל,תולדות עם ישראל,0,1,1,0.000654
ויליאם דיוור,ארכאולוגיה של ארץ ישראל,0,0,0,0.000654
Mission de Phénicie,ארכאולוגיה של ארץ ישראל,0,0,0,0.000654
כתובת תאודוטוס בן וטנוס,ארכאולוגיה של ארץ ישראל,0,1,1,0.000654
יוחנן הגדי,תולדות עם ישראל,0,1,1,0.000654
גירוש יהודי הונגריה מערי השדה ומהכפרים,תולדות עם ישראל,0,0,0,0.000654
הגזענות (ספר),תולדות עם ישראל,0,1,1,0.000654
בודה (מיתולוגיה),תולדות עם ישראל,0,0,0,0.000654
פים,ארכאולוגיה של ארץ ישראל,0,1,1,0.000654
פסל ראש מלך,ארכאולוגיה של ארץ ישראל,0,0,0,0.000654
שפרה מישלוב,תולדות עם ישראל,0,2,2,0.000654
סרגיי נילוס,תולדות עם ישראל,0,2,2,0.000654
רגמים בדרום-מערב ירושלים,ארכאולוגיה של ארץ ישראל,0,1,1,0.000654
קיפא,תולדות עם ישראל,0,1,1,0.000654
שינויים בשדה המגנטי,ארכאולוגיה של ארץ ישראל,0,0,0,0.000654
Stormfront (אתר אינטרנט),תולדות עם ישראל,0,24,24,0.000654
Within Our Lifetime,תולדות עם ישראל,0,1,1,0.000654
הרפטריאציה של שורדי השואה מברית המועצות לפולין,תולדות עם ישראל,0,1,1,0.000654
התאומים הסיאמיים מוונציה,תולדות עם ישראל,0,1,1,0.000654
בלרמינו בגאטי,ארכאולוגיה של ארץ ישראל,0,0,0,0.000654
מס-קום-יה,תולדות עם ישראל,0,23,23,0.000654
פקס כריסטי,תולדות עם ישראל,0,1,1,0.000654
אנדורה (מחזה),תולדות עם ישראל,0,2,2,0.000654
פוגרום ברסט (1937),תולדות עם ישראל,0,2,2,0.000654
טביעת חותם לשר העיר,ארכאולוגיה של ארץ ישראל,0,1,1,0.000654
עשו שונא ליעקב,תולדות עם ישראל,0,0,0,0.000654
טכנולוגיה פרה היסטורית,ארכאולוגיה של ארץ ישראל,0,1,1,0.000654
אלכסיי סובורין,תולדות עם ישראל,0,1,1,0.000654
עיסא נח'לה,תולדות עם ישראל,0,2,2,0.000654
נגד היהודים,תולדות עם ישראל,0,2,2,0.000654
ויכוח פדובה,תולדות עם ישראל,0,1,1,0.000654
חורבת קלפה,תולדות עם ישראל,0,0,0,0.000654
חידוש הסמיכה,תולדות עם ישראל,0,2,2,0.000654
מסיבת צחצוח,תולדות עם ישראל,0,0,0,0.000654
מוחמד אבו סמרה,תולדות עם ישראל,0,0,0,0.000654
התוכנית למאבק באנטישמיות ברשת,תולדות עם ישראל,0,23,23,0.000654
מה יפית,תולדות עם ישראל,0,3,3,0.000654
מס סובלנות,תולדות עם ישראל,0,0,0,0.000654
רודולף כהן,ארכאולוגיה של ארץ ישראל,0,1,1,0.000654
למה דווקא היהודים?,תולדות עם ישראל,0,1,1,0.000654
כתובת מצובה,ארכאולוגיה של ארץ ישראל,0,1,1,0.000654
טענות נגד הלגיטימיות של ישראל וקריאות להשמדתה,תולדות עם ישראל,0,5,5,0.000654
טארק א-סווידאן,תולדות עם ישראל,0,1,1,0.000654
חותמת יהודית,תולדות עם ישראל,0,0,0,0.000654
חוק הכחשת השואה (בלגיה),תולדות עם ישראל,0,0,0,0.000654
ח'ייבר ח'ייבר יא יהוד,תולדות עם ישראל,0,3,3,0.000654
ז'יד,תולדות עם ישראל,0,0,0,0.000654
ורליק ורגיסי,תולדות עם ישראל,0,0,0,0.000654
התרמית אודות הוראת השואה בבריטניה 2007,תולדות עם ישראל,0,3,3,0.000654
דור הולך ודור בא,תולדות עם ישראל,0,0,0,0.000654
