ערך_חסר,מוזכר_ב,קטגוריה
סער גנור,ממלכת יהודה,
מוצרי מותרות,ממלכת יהודה,
ברוך (סקוטלנד),תקופת הברזל,
תרבות יאסטורף,תקופת הברזל,
תקופת הברזל הרומאית,תקופת הברזל,
התרבות הלוסאטיאנית,תקופת הברזל,
התרבות הפומרנית,תקופת הברזל,
ספר הספרים,ספרות עברית,
מכתב קהיר,ספרות עברית,
ברכיה בן נתרונאי הנקדן,ספרות עברית,
עיתונות יהודית,ספרות עברית,
מחזאות עברית,ספרות עברית,
מטמון מגידו,מגידו,
מגידו (סדרת טלוויזיה),מגידו,
כנסיית מגידו,מגידו,
ישראל אפעל,גלות בבל,
שדל הרטמן,גלות בבל,
מרד (עיר עתיקה),גלות בבל,
גובארו,גלות בבל,
אושתנו,גלות בבל,
קניון סי מול,אשדוד,
אלבטק,אשדוד,
השוק הפתוח,אשדוד,
קניון עד הלום,אשדוד,
מחלף ניר גלים,אשדוד,
זכיאוס,יריחו,
סאלם גרוף,יריחו,
"9600 לפנה""ס",יריחו,
יוליוס קומדוס,יריחו,
אל ווליד השני,יריחו,
עבדי תישרי,תל חצור,
שרון צוקרמן,תל חצור,
סבסטי,ממלכת ישראל,
"720 לפנה""ס",ממלכת ישראל,
גולן שלוי,ממלכת ישראל,
בית עמרי,ממלכת ישראל,
"842 לפנה""ס",ממלכת ישראל,
"ג'תתכ""ו",המרד הגדול,
אלה (צבא רומי),המרד הגדול,
בית זיתא,המרד הגדול,
יהושע בן צפיא,המרד הגדול,
חורבת צלמון,המרד הגדול,
איתן צוקר,בית שאן,
מכבי בקעת בית שאן,בית שאן,
שלמה פדר,בית שאן,
נח מרדינגר,בית שאן,
משה בן יעקב (בית שאן),בית שאן,
