מסמך,שם_קצר,טקסט_קצר,מילים,סיכום_AI,סיווג_AI,ציון_עניין
1,תל מגידו,תל מגידו הוא אחד האתרים הארכאולוגיים החשובים ביותר בישראל ובעולם. החפירות שנערכו...,64,"תל מגידו הוא אתר ארכאולוגי מהחשובים בישראל ובעולם, החושף 26 שכבות התיישבות רצופות על פני כ-7,000 שנות היסטוריה. בין הממצאים הבולטים שנחשפו באתר נכללים ארמונות כנעניים מפוארים, אורוות המיוחסות למלך אחא","```json
{
  ""קטגוריה"": ""ארכיאולוגיה"",
  ""תקופה"": ""התקופה הנאוליתית עד התקופה הפרסית"",
  ""ביטחון"": 1.0
}
```",1
2,גניזת קהיר,"גניזת קהיר היא אוסף של כ-400,000 קטעי כתב יד יהודיים שנתגלו בסוף המאה ה-19 בבית ...",54,"גניזת קהיר היא אוסף עצום של כ-400,000 קטעי כתב יד יהודיים, שהתגלה בסוף המאה ה-19 בבית הכנסת בן עזרא בפוסטאט. מסמכים אלו, המשתרעים על פני כאלף שנה, מספקים מידע רב-ערך על חיי היהודים בארצות האסלאם, כולל","```json
{
  ""קטגוריה"": ""היסטוריה"",
  ""תקופה"": ""ימי הביניים"",
  ""ביטחון"": 1.0
}
```",0
3,"פרויקט השו""ת","פרויקט השו""ת הוא מאגר דיגיטלי המכיל את כלל ספרות ההלכה היהודית — למעלה מ-300,000...",54,"פרויקט השו""ת הוא מאגר דיגיטלי עצום המכיל למעלה מ-300,000 שו""ת וכ-3 מיליון עמודי טקסט מכלל ספרות ההלכה היהודית, ומאפשר חיפוש טקסטואלי מלא בתוכנו. בשנים האחרונות, חוקרים החלו לשלב שיטות של עיבוד שפה טבע","```json
{
  ""קטגוריה"": ""מדעי הרוח הדיגיטליים"",
  ""תקופה"": ""מודרנית"",
  ""ביטחון"": 1.0
}
```",0
